-- phpMyAdmin SQL Dump
-- version 5.2.0
-- https://www.phpmyadmin.net/
--
-- Хост: 127.0.0.1
-- Время создания: Дек 07 2022 г., 04:00
-- Версия сервера: 10.4.24-MariaDB
-- Версия PHP: 8.1.6

SET SQL_MODE = "NO_AUTO_VALUE_ON_ZERO";
START TRANSACTION;
SET time_zone = "+00:00";


/*!40101 SET @OLD_CHARACTER_SET_CLIENT=@@CHARACTER_SET_CLIENT */;
/*!40101 SET @OLD_CHARACTER_SET_RESULTS=@@CHARACTER_SET_RESULTS */;
/*!40101 SET @OLD_COLLATION_CONNECTION=@@COLLATION_CONNECTION */;
/*!40101 SET NAMES utf8mb4 */;

--
-- База данных: `crm`
--

-- --------------------------------------------------------

--
-- Структура таблицы `admins`
--

CREATE TABLE `admins` (
  `id` int(11) NOT NULL COMMENT 'id',
  `login` varchar(100) NOT NULL COMMENT 'Логин',
  `pass` varchar(100) NOT NULL COMMENT 'Пароль'
) ENGINE=InnoDB DEFAULT CHARSET=utf8mb4;

--
-- Дамп данных таблицы `admins`
--

INSERT INTO `admins` (`id`, `login`, `pass`) VALUES
(1, 'Admin', '123'),
(2, 'Admin2', '123');

-- --------------------------------------------------------

--
-- Структура таблицы `contacts`
--

CREATE TABLE `contacts` (
  `id_managers` int(11) NOT NULL,
  `id_comp` int(11) NOT NULL,
  `date` date NOT NULL,
  `type_cont` varchar(50) NOT NULL,
  `comment` text NOT NULL
) ENGINE=InnoDB DEFAULT CHARSET=utf8mb4;

--
-- Дамп данных таблицы `contacts`
--

INSERT INTO `contacts` (`id_managers`, `id_comp`, `date`, `type_cont`, `comment`) VALUES
(2, 1, '2022-10-30', 'звонок', 'Договорились.'),
(3, 2, '2022-10-31', 'звонок', 'Договорились также'),
(2, 1, '2022-11-01', 'встреча', 'Прошло хорошо.'),
(2, 20, '2022-11-15', 'Звонок', 'Комментарий'),
(2, 13, '2022-11-16', 'Звонок', 'Comment'),
(2, 19, '2022-11-16', 'Встреча', 'Сделка.'),
(2, 18, '2022-11-16', 'Сделка', 'Комментарий.'),
(2, 1, '2022-11-16', 'Встреча', 'Новая встреча.'),
(2, 18, '2022-11-16', 'Звонок', 'Звонок.'),
(2, 13, '2022-11-17', 'Звонок', 'Звонок.'),
(2, 13, '2022-11-18', 'Встреча', 'Встреча.'),
(2, 13, '2022-11-17', 'Звонок', 'Звоночек.'),
(2, 19, '2022-11-17', 'Звонок', 'Call.'),
(1, 10, '2022-12-07', 'Звонок', 'Предложение о встрече.'),
(1, 10, '2022-12-08', 'Встреча', 'Встретились, но не договорились.'),
(1, 15, '2022-12-13', 'Звонок', 'Познакомились.'),
(1, 15, '2022-12-15', 'Встреча', 'Встретились, договорились общаться.'),
(2, 9, '2022-12-16', 'Звонок', 'Пока не готовы общаться.'),
(2, 7, '2022-12-01', 'Звонок', 'Познакомились.Взяли паузу.'),
(2, 14, '2022-12-01', 'Звонок', 'Пока не готовы.'),
(3, 4, '2022-11-01', 'Звонок', 'Познакомились.'),
(3, 3, '2022-11-15', 'Звонок', 'Договорились общаться.'),
(4, 8, '2022-11-24', 'Звонок', 'Предложили сотрудничество.'),
(4, 17, '2022-11-10', 'Звонок', 'Заинтересовались предложением.'),
(5, 11, '2022-11-16', 'Звонок', 'Сделали предложение.'),
(5, 12, '2022-11-17', 'Звонок', 'Предложили встречу.'),
(6, 16, '2022-11-08', 'Звонок', 'Договорились общаться.'),
(6, 22, '2022-11-17', 'Звонок', 'Познакомились.'),
(6, 21, '2022-11-25', 'Звонок', 'Познакомились.'),
(7, 23, '2022-11-09', 'Звонок', 'Договорились о встрече.'),
(7, 25, '2022-11-23', 'Звонок', 'Познакомились.'),
(7, 24, '2022-11-18', 'Звонок', 'Договорились дружить.'),
(8, 26, '2022-11-23', 'Звонок', 'Познакомились.'),
(8, 28, '2022-11-29', 'Звонок', 'Договорились о встрече.'),
(8, 28, '2022-12-01', 'Встреча', 'Встретились, не договорились.'),
(8, 27, '2022-11-22', 'Звонок', 'Познакомились.'),
(9, 30, '2022-11-16', 'Звонок', 'Познакомились.'),
(9, 29, '2022-11-30', 'Звонок', 'Договорились общаться.'),
(10, 31, '2022-11-01', 'Звонок', 'Познакомились.'),
(10, 33, '2022-11-03', 'Звонок', 'Пообщались.'),
(10, 32, '2022-11-23', 'Звонок', 'Договорились дружить.'),
(1, 15, '2022-11-24', 'Звонок', 'Созвонились. Пообщались.'),
(1, 34, '2022-11-01', 'Звонок', 'Познакомились.');

-- --------------------------------------------------------

--
-- Структура таблицы `kompany`
--

CREATE TABLE `kompany` (
  `id` int(11) NOT NULL COMMENT 'ID',
  `name_comp` varchar(255) NOT NULL COMMENT 'Название компании',
  `inn` varchar(50) DEFAULT NULL COMMENT 'ИНН',
  `address` varchar(255) DEFAULT NULL COMMENT 'Адрес',
  `phone_comp` varchar(255) DEFAULT NULL COMMENT 'Телефон компании',
  `site` varchar(255) DEFAULT NULL COMMENT 'Сайт',
  `email` varchar(255) DEFAULT NULL COMMENT 'Электронная почта',
  `director` varchar(255) DEFAULT NULL COMMENT 'ФИО директора',
  `phone_director` varchar(255) DEFAULT NULL COMMENT 'Телефон директора',
  `cont_1` varchar(255) DEFAULT NULL COMMENT 'Контактное лицо',
  `phone_cont_1` varchar(255) DEFAULT NULL COMMENT 'Телефон контактного лица',
  `cont_2` varchar(255) DEFAULT NULL COMMENT 'Контактное лицо',
  `phone_cont_2` varchar(255) DEFAULT NULL COMMENT 'Телефон контактного лица',
  `id_manager` int(11) NOT NULL COMMENT 'Менеджер'
) ENGINE=InnoDB DEFAULT CHARSET=utf8mb4 COMMENT='Компании';

--
-- Дамп данных таблицы `kompany`
--

INSERT INTO `kompany` (`id`, `name_comp`, `inn`, `address`, `phone_comp`, `site`, `email`, `director`, `phone_director`, `cont_1`, `phone_cont_1`, `cont_2`, `phone_cont_2`, `id_manager`) VALUES
(1, 'ООО \"Звезда\"', '770000000001', '100000, Москва, Площадь Ленина, 100', '8 (495) 111-111-1 ', 'www.zvezda1.org', 'info@zvezda1.org', 'info@zvezda1.org', '8 (495) 111-111-2', 'Менеджер Первый Пётр Петрович', '8 (495) 111-111-3', 'Менеджер Первый Николай Николаевич', '8 (495) 111-111-4', 2),
(2, 'ООО \"Планета\"', '770000000002', '100000, Москва, Площадь Ленина, 200', '8 (495) 111-112-1 ', 'www.planeta1.org', 'info@planeta1.org', 'Второй Иван Иванович', '8 (495) 111-112-2', 'Менеджер Второй Пётр Петрович', '8 (495) 111-112-3', 'Менеджер Второй Николай Николаевич', '8 (495) 111-112-4', 3),
(3, 'ООО \"Четвертая Планета\"', '770000000004', '100000, Москва, Площадь Ленина, 400', '8 (495) 111-114-1 ', 'www.planeta4.org', 'info@planeta4.org', 'Четвертый Иван Иванович', '8 (495) 111-114-2', 'Менеджер Первый Пётр Петрович', '8 (495) 111-114-3', 'Менеджер Второй Пётр Петрович', '8 (495) 111-114-4', 3),
(4, 'ООО \"Пятнадцатая Планета\"', '770000000004', '100000, Москва, улица Пятнадцатая, 15', '8 (495) 115 42 15', 'www.15planeta.org', 'info@15planeta.org', 'Николаев Иван Иванович', '8 (495) 115 42 16', 'Менеджер Светлана', '8 (495) 115 42 17', 'Менеджер Виктор', '8 (495) 115 42 18', 3),
(7, 'ООО \"Пятая Планета\"', '770000000004', 'Москва, улица Пятая, дом 5', '8 495 632 44 55', 'www.5planeta.com', 'info@5planeta.com', 'Лукашёв Василий Петрович', '8 495 632 44 56', 'Менеджер Ангелина', '8 495 632 44 57', 'Менеджер Николай', '8 495 632 44 58', 2),
(8, 'ООО \"Двадцатая Планета\"', '770000000020', 'Москва, улица Двадцатая, дом 20', '8 495 745 12 20', 'www.20planeta.com', 'info@20planeta.com', 'Афанасьев Иван Петрович', '8 495 745 12 21', 'Менеджер Кристина', '8 495 745 12 22', 'Менеджер Павел', '8 495 745 12 23', 4),
(9, 'ООО \"Первая Планета\"', '770000000004', 'Москва, улица Первая, дом 1', '8 495 125 46 11', 'www.1planeta.com', 'info@1planeta.com', 'Васин Дмитрий Иванович ', '8 495 125 46 12', 'Менеджер Анна', '8 495 125 46 14', 'Менеджер Дмитрий', '8 495 125 46 15', 2),
(10, 'ООО \"Девятая Планета\"', '770000000004', 'Москва, улица Девятая, дом 12', '8 495 896 57 89', 'www.9.com', 'info@9.com', 'Григорьев Иван Иванович', '8 495 896 57 90', 'Менеджер Алена', '8 495 896 57 91', 'Менеджер Василий', '8 495 896 57 92', 1),
(11, 'ООО \"Тридцатая Планета\"', '770000000030', 'Москва, улица Тридцатая, 30 ', '8 495 562 45 30', 'www.30planeta.com', 'info@30planeta.com', 'Морозов Степан Васильевич', '8 495 562 45 31', 'Менеджер Инна', '8 495 562 45 32', 'Менеджер Порфирий', '8 495 562 45 33', 5),
(12, 'ООО \"Сороковая планета\"', '770000000040', 'Москва, улица Сороковая, 40', '8 495 263 56 40', 'www.40planeta.com', 'info@40planeta.com', 'Петрушин Петр Вениаминович', '8 495 263 56 41', 'Менеджер Олег', '8 495 263 56 42', 'Менеджер Жанна', '8 495 263 56 43', 5),
(13, 'ООО \"Сорок первая планета\"', '770000000041', 'Москва, улица Сорок Первая, 41', '8 495 632 12 41', 'www.41planeta.com', 'info@41planeta.com', 'Директор Петров Игнат Николаевич', '8 495 632 12 42', 'Менеджер Ольга', '8 495 632 12 43', 'Менеджер Екатерина', '8 495 632 12 44', 5),
(14, 'ООО \"Десятая Планета\"', '770000000010', 'Москва, улица Десятая, дом 10', '8 495 101 10 10', 'www.10.ry', 'inf@10.ry', 'Директор Фёдор', '8 495 101 10 11', 'Менеджер Игнат', '8 495 101 10 15', 'Менеджер Слава', '8 495 101 10 12', 2),
(15, 'ООО \"Одиннадцатая Планета\"', '770000000010', 'Москва, улица Одиннадцатая, дом 11', '8 495 684 52 11', 'www.11.com', 'info@11.com', 'info@11.com', '8 495 684 52 12', 'Менеджер Анастасия', '8 495 684 52 14', 'Менеджер Пётр', '8 495 684 52 15', 1),
(16, 'ООО \"Пятидесятая Планета\"', '770000000050', 'Москва, улица Пятидесятая, дом 50', '8 495 111 11 50', 'www.50planeta.com', 'info@50planeta.com', 'Директор Костин Константин Иванович ', '8 495 111 11 51', 'Менеджер Павел', '8 495 111 11 52', 'Менеджер Глаша', '8 495 111 11 53', 6),
(17, 'ООО \"Двадцать первая планета\"', '770000000021', 'Москва, улица Двадцать Первая, 21', '8 495 632 45 21', 'www.21planeta.com', 'info@21planeta.com', 'Андроньев Игнат Савельевич', '8 495 632 45 22', 'Менеджер Алла', '8 495 632 45 23', 'Менеджер Олег', '8 495 632 45 24', 4),
(18, 'ООО \"Петрушка\"', '77456985456', 'Москва', '8 495 888 66 22', 'www.ooo.ru', 'aaa@ooo.ru', 'aaa@ooo.ru', '8 495 888 66 23', 'Менеджер Игнат', '8 495 888 66 24', 'Менеджера Василиса', '8 495 888 66 25', 1),
(19, 'ООО \"25 Планета\"', '770000000025', 'Москва, улица Двадцать пятая, 25 ', '8 495 789 45 25', 'www.25planeta.com', 'info@25planeta.com', 'Васильев Василий Васильевич', '8 495 789 45 26', 'Менеджер Савелий', '8 495 789 45 27', 'Менеджер Мария', '8 495 789 45 28', 4),
(20, 'ООО Морковка', '7712345678', 'Москва', '8 495 789 45 12', 'www.ooo.ru', 'aaa@ooo.ru', 'Директор Игнат', '8 495 789 45 14', 'Менеджер Василий', '8 495 789 45 15', 'Менеджер Мария', '8 495 789 45 16', 9),
(21, 'ООО \"Шестидесятая планета\"', '7700000060', 'Москва, улица Шестидесятая, 60', '8 495 632 56 60', 'www.60planeta.com', 'info@60planeta.com', 'Андроньев Антон Антонович', '8 495 632 56 61', 'Менеджер Виктор', '8 495 632 56 62', 'Менеджер Алла', '8 495 632 56 63', 6),
(22, 'ООО \"32 Планета\"', '77456982145', 'Москва, улица Тридцать вторая, дом 32', '8 495 789 24 32', 'www.32planeta.com', 'info@32planeta.com', 'Михайлов Михаил Михайлович', '8 495 789 24 33', 'Менеджер Григорий', '8 495 789 24 34', 'Менеджер Полина', '8 495 789 24 35', 6),
(23, 'ООО \"70 Планета\"', '7784569552', 'Москва, улица Семидесятая, дом 70', '8 495 321 45 70', 'www.70planeta.com', 'info@70planeta.com', 'Петров Пётр Вениаминович', '8 495 321 45 71', 'Менеджер Василий', '8 495 321 45 72', 'Менеджер Екатерина', '8 495 321 45 73', 7),
(24, 'ООО \"71 Планета\"', '7700000071', 'Москва, улица Семьдесят Первая, дом 71', '8 495 875 48 71', 'www.71planeta.com', 'info@71planeta.com', 'Ползунов Виктор Сергеевич', '8 495 875 48 72', 'Менеджер Григорий', '8 495 875 48 73', 'Менеджер Василиса', '8 495 875 48 74', 7),
(25, 'ООО \"82 Планета\"', '77000000082', 'Москва, улица Восемьдесят Вторая, дом 82', '8 495 789 12 82', 'www.82planeta.com', 'info@82planeta.com', 'Смирнов Алексей Николаевич', '8 495 789 12 83', 'Менеджер Алла', '8 495 789 12 84', 'Менеджер Сергей', '8 495 789 12 85', 7),
(26, 'ООО \"84 Планета\"', '770000000084', 'Москва, улица Восемьдесят Четвертая, дом 84', '8 495 632 52 84', 'www.84planeta.com', 'info@84planeta.com', 'Александров Григорий Матвеевич', '8 495 632 52 85', 'Менеджер Павел', '8 495 632 52 86', 'Менеджер Анна', '8 495 632 52 87', 8),
(27, 'ООО \"85 Планета\"', '770000000085', 'Москва, улица Восемьдесят Пятая, дом 85', '8 495 685 78 85', 'www.85planeta.com', 'info@85planeta.com', 'Апостолов Игнат Сергеевич', '8 495 685 78 86', 'Менеджер Никита', '8 495 685 78 87', 'Менеджер Вероника', '8 495 685 78 88', 8),
(28, 'ООО \"87 Планета\"', '770000000087', 'Москва, улица Восемьдесят Восьмая, дом 89', '8 495 745 12 88', 'www.89planeta.com', 'info@89planeta.com', 'Кречетов Михаил Алексеевич', '8 495 685 78 90', 'Менеджер Самсон', '8 495 685 78 91', 'Менеджер Алевтина', '8 495 685 78 92', 8),
(29, 'ООО \"90 Планета\"', '77000000090', 'Москва, улица Девяностая, дом 90', '8 495 236 45 90', 'www.90planeta.com', 'info@90planeta.com', 'Лихачёв Владимир Михайлович', '8 495 236 45 91', 'Менеджер Николай', '8 495 236 45 92', 'Менеджер Нина', '8 495 236 45 93', 9),
(30, 'ООО \"91 Планета\"', '77000000091', 'Москва, улица Девяносто Первая, дом 91', '8 495 123 45 91', 'www.91planeta.com', 'info@91planeta.com', 'Матвеев Алексей Петрович', '8 495 123 45 92', 'Менеджер Порфирий', '8 495 123 45 93', 'Менеджер Аксинья', '8 495 123 45 94', 9),
(31, 'ООО \"Крепкий\"', '770000010001', 'Москва, улица Крепкая, дом 1', '8 495 675 84 01', 'www.krepkiy.com', 'info@rkepkiy.com', 'Веселов Макар Игнатович', '8 495 675 84 02', 'Менеджер Сергей', '8 495 675 84 03', 'Менеджер Агата', '8 495 675 84 04', 10),
(32, 'ООО \"Очень\"', '77000200001', 'Москва, улица Очень, дом 2', '8 495 326 45 02', 'www.ochen.com', 'info@ochen.com', 'Михайлов Вениамин Кондратьевич', '8 495 326 45 03', 'Менеджер Антон', '8 495 326 45 04', 'Менеджер Софья', '8 495 326 45 05', 10),
(33, 'ООО \"Крепыш\" ', '770000030003', 'Москва, Улица Крепышёвая, дом 3 ', '8 495 654 45 03', 'www.krepysh.com', 'info@krepysh.com', 'Бессонов Антон Владимирович', '8 495 654 45 04', 'Менеджер Кондратий', '8 495 654 45 05', 'Менеджер Анжела', '8 495 654 45 06', 10),
(34, 'ООО \"Алфавит\"', '770000124512', 'Москва, улица Буквенная, дом 1а', '8 495 768 45 12', 'www.alfavit.com', 'info@alfavit.com', 'Самсонов Самсон Самсонович', '8 495 768 45 14', 'Менджер Иван', '8 495 768 45 15', 'Менеджер Анна', '8 495 768 45 16', 1);

-- --------------------------------------------------------

--
-- Структура таблицы `managers`
--

CREATE TABLE `managers` (
  `id` int(11) NOT NULL COMMENT 'ID',
  `fio` varchar(100) NOT NULL COMMENT 'ФИО сотрудника',
  `post` varchar(100) NOT NULL COMMENT 'Должность сотрудника',
  `login` varchar(100) NOT NULL COMMENT 'Логин',
  `pass` varchar(100) NOT NULL COMMENT 'Пароль',
  `isActive` int(11) NOT NULL
) ENGINE=InnoDB DEFAULT CHARSET=utf8mb4 COMMENT='Менеджеры';

--
-- Дамп данных таблицы `managers`
--

INSERT INTO `managers` (`id`, `fio`, `post`, `login`, `pass`, `isActive`) VALUES
(1, 'Иванов Иван Иванович', 'Начальник', 'Ivanov', '123', 1),
(2, 'Петров Петр Петрович', 'Менеджер', 'Petrov', '123', 1),
(3, 'Сергеев Сергей Сергеевич', 'Менеджер', 'Sergeev', '123', 1),
(4, 'Никифоров Никифор Никифорович', 'Менеджер', 'Nikiforov', '123', 1),
(5, 'Улыбакин Улыбка Улыбкович', 'Менеджер', 'Ulybakin', '123', 1),
(6, 'Борисов Борис Николаевич', 'Менеджер', 'Borisov', '123', 1),
(7, 'Егоров Егор Егорович', 'Менеджер', 'Egorov', '123', 1),
(8, 'Гладков Григорий Григорьевич', 'Менеджер', 'Gladkov', '123', 1),
(9, 'Викторов Виктор Викторович', 'Менеджер', 'Viktorov', '123', 1),
(10, 'Очень Крепий Крепыш', 'Менеджер', 'Krepysh', '123', 1),
(12, 'Носов Алексей Петрович', 'Менеджер', 'Nosov', '123', 0);

--
-- Индексы сохранённых таблиц
--

--
-- Индексы таблицы `admins`
--
ALTER TABLE `admins`
  ADD PRIMARY KEY (`id`);

--
-- Индексы таблицы `contacts`
--
ALTER TABLE `contacts`
  ADD KEY `id_managers` (`id_managers`),
  ADD KEY `id_comp` (`id_comp`);

--
-- Индексы таблицы `kompany`
--
ALTER TABLE `kompany`
  ADD PRIMARY KEY (`id`),
  ADD KEY `id_manager` (`id_manager`);

--
-- Индексы таблицы `managers`
--
ALTER TABLE `managers`
  ADD PRIMARY KEY (`id`);

--
-- AUTO_INCREMENT для сохранённых таблиц
--

--
-- AUTO_INCREMENT для таблицы `admins`
--
ALTER TABLE `admins`
  MODIFY `id` int(11) NOT NULL AUTO_INCREMENT COMMENT 'id', AUTO_INCREMENT=3;

--
-- AUTO_INCREMENT для таблицы `kompany`
--
ALTER TABLE `kompany`
  MODIFY `id` int(11) NOT NULL AUTO_INCREMENT COMMENT 'ID', AUTO_INCREMENT=35;

--
-- AUTO_INCREMENT для таблицы `managers`
--
ALTER TABLE `managers`
  MODIFY `id` int(11) NOT NULL AUTO_INCREMENT COMMENT 'ID', AUTO_INCREMENT=13;

--
-- Ограничения внешнего ключа сохраненных таблиц
--

--
-- Ограничения внешнего ключа таблицы `contacts`
--
ALTER TABLE `contacts`
  ADD CONSTRAINT `contacts_ibfk_1` FOREIGN KEY (`id_managers`) REFERENCES `managers` (`id`),
  ADD CONSTRAINT `contacts_ibfk_2` FOREIGN KEY (`id_comp`) REFERENCES `kompany` (`id`);

--
-- Ограничения внешнего ключа таблицы `kompany`
--
ALTER TABLE `kompany`
  ADD CONSTRAINT `kompany_ibfk_1` FOREIGN KEY (`id_manager`) REFERENCES `managers` (`id`);
COMMIT;

/*!40101 SET CHARACTER_SET_CLIENT=@OLD_CHARACTER_SET_CLIENT */;
/*!40101 SET CHARACTER_SET_RESULTS=@OLD_CHARACTER_SET_RESULTS */;
/*!40101 SET COLLATION_CONNECTION=@OLD_COLLATION_CONNECTION */;
